Date,R_Beirut,R_north,R_Bekaa,R_South,Total Registered,Registered,Awaiting,Total Refugees,A_Beirut & Mt. Leb.,A_North,A_Bekaa,A_South,Total Awaiting,AWP_Beirut & Mt. Leb.,AWP_North,AWP_Bekaa,AWP_South,P_Beirut,P_El Meten,P_Baabda,P_Kesrwane,P_Chouf,P_Aley,P_Jbeil,P_Akkar,P_Tripoli,P_El Minieh-Dennie,P_El Koura,P_El Batroun,P_Zgharta,P_Bcharre,P_Zahle,P_Baalbek,P_West Bekaa,P_Rachaya,P_El Hermel,P_Sour,P_Saida,P_Marjaayoun,P_Jezzine,P_El Nabatieh,P_Hasbaya,P_Bent Jbeil,Total2,H_Beirut,H_El Meten,H_Baabda,H_Kesrwane,H_Chouf,H_Aley,H_Jbeil,H_Akkar,H_Tripoli,H_El Minieh-Dennie,H_El Koura,H_El Batroun,H_Zgharta,H_Bcharre,H_Zahle,H_Baalbek,H_West Bekaa,H_Rachaya,H_El Hermel,H_Sour,H_Saida,H_Marjaayoun,H_Jezzine,H_El Nabatieh,H_Hasbaya,H_Bent Jbeil,Total Household,F_0-4,F_5-11,F_12-17,F_18-59,F_60+,total female,M_0-4,M_5-11,M_12-17,M_18-59,M_60+,Total male,Homs,Aleppo,Idleb,Rural Damascus,Hama,Dar'a,Damascus,Ar-raqqa,Al-hasakeh,Deir-ez-zor,Quneitra,Lattakia,Tartous,As-sweida,"Others, n/a",Total 3
4/7/2013,"4,632","3,733","4,827","2,403","15,595","503,724","84,071","587,795","30,649","14,535","27,883","11,004","84,071",38,21,28,29,"11,095","13,392","26,629","1,978","22,862","15,473",713,"68,351","47,608","36,091","9,983","7,639","7,627","1,037","78,378","50,307","31,679","6,207","3,898","15,585","26,382","2,031","1,147","12,737","1,239","3,656","503,724","2,979","3,580","6,120",539,"4,894","3,475",200,"16,610","12,266","8,652","2,471","1,763","1,831",241,"16,022","10,752","6,648","1,311",831,"3,392","5,621",419,248,"2,716",291,771,"114,643","48,553","50,056","31,222","119,970","7,090","256,891","50,834","52,288","33,322","104,754","5,635","246,833","145,156","81,864","80,384","58,596","37,768","32,158","22,139","13,048","7,673","5,855","2,002","1,246",728,154,"14,953","503,724"
11/7/2013,"3,116",3132,4583,2330,"13,161","517,195",87759,"604,954",33464,16562,27282,10451,"87,759",39,24,30,21,11497,"13,983","27,650","2,050","23,329","16,111",726,69716,48335,36693,10137,7876,7698,1036,80561,51682,32447,6473,3960,16309,27247,2112,1206,13251,1344,3766,"517,195",3074,3734,6356,558,5000,3621,206,16955,12480,8790,2518,1819,1854,244,16464,11030,6803,1369,839,3562,5822,435,259,2829,310,798,"117,729","49,837","51,431","32,080","123,205","7,293","263,846","52,158","53,746","34,179","107,494","5,772","253,349","148,229","84,130","82,205","60,399","38,853","33,203","22,717","13,716","7,851","6,123","2,061","1,311",785,154,"15,458","517,195"
5/9/2013,"5,626","3,643","4,158","2,089","15,516","622,249","103,823","726,072","41,100","14,471","42,752","5,500","103,823",43,21,42,13,"14,903","20,254","36,360","2,739","28,363","21,794",813,"78,048","53,415","41,453","11,510","10,286","8,863","1,376","98,191","61,709","38,662","7,441","4,264","20,548","31,797","3,177","1,384","17,484","2,705","4,710","622,249","3,943","5,403","8,347",759,"6,112","4,899",239,"19,082","13,930","9,972","2,864","2,360","2,138",322,"19,968","13,109","8,055","1,559",887,"4,578","6,859",661,306,"3,766",634,"1,011","141,763","59,852","61,808","38,463","148,326","8,724","317,173","62,708","65,080","40,896","129,479","6,913","305,076","167,881","106,013","95,998","74,080","46,118","41,141","28,742","19,184","10,236","9,941","2,395","1,741","1,356",188,"17,235","622,249"
12/9/2013,"4,744","3,051","4,098","2,170","14,063","636,000","103,823","739,823","41,100","14,471","42,752","5,500","103,823",43,21,42,13,"15,419","21,255","37,555","2,960","29,289","22,671",859,"79,181","53,937","42,099","11,749","10,506","9,032","1,396","100,071","62,817","39,447","7,612","4,306","21,091","32,457","3,379","1,432","18,023","2,706","4,751","636,000","4,101","5,695","8,645",814,"6,324","5,116",251,"19,351","14,048","10,109","2,921","2,406","2,173",327,"20,352","13,333","8,214","1,590",898,"4,715","7,029",704,318,"3,894",632,"1,019","144,979","61,221","63,099","39,229","151,737","8,947","324,233","64,169","66,527","41,686","132,315","7,070","311,767","170,022","109,165","97,713","75,818","47,007","42,237","29,458","19,833","10,624","10,483","2,429","1,822","1,393",199,"17,797","636,000"
19/9/2013,"4,396","3,478","3,793","2,529","14,196","650,376","104,833","755,209","44,154","13,612","42,795","4,272","104,833",42,22,39,12,"15,911","22,118","38,845","3,106","30,004","23,544",881,"80,368","54,795","42,869","11,958","10,836","9,202","1,430","101,953","63,868","40,163","7,711","4,365","21,685","33,308","3,576","1,508","18,663","2,833","4,876","650,376","4,226","5,921","8,912",851,"6,466","5,292",256,"19,624","14,308","10,292","2,966","2,479","2,212",336,"20,745","13,560","8,364","1,611",912,"4,851","7,215",748,330,"4,029",669,"1,048","148,223","62,802","64,506","40,012","155,207","9,187","331,714","65,835","67,930","42,496","135,144","7,257","318,662","172,689","111,733","99,536","77,285","47,776","43,207","30,286","20,302","11,336","10,811","2,513","1,869","1,498",218,"19,317","650,376"
26/9/2013,"5,600","3,176","4,466","1,586","14,828","665,200","102,975","768,175","43,880","13,501","41,863","3,731","102,975",41,22,38,10,"16,486","23,475","40,333","3,427","30,664","24,634",925,"81,838","55,497","43,516","12,124","11,011","9,260","1,466","104,224","65,045","40,891","7,893","4,392","22,053","33,957","3,773","1,577","18,954","2,853","4,932","665,200","4,391","6,304","9,276",937,"6,622","5,561",269,"19,966","14,478","10,450","3,004","2,524","2,230",343,"21,220","13,800","8,512","1,652",923,"4,946","7,367",795,348,"4,097",674,"1,059","151,748","64,264","66,015","40,867","158,873","9,422","339,441","67,439","69,538","43,332","138,010","7,440","325,759","175,384","114,362","101,054","78,778","48,603","43,989","31,161","20,832","12,192","11,029","2,591","1,943","1,611",231,"21,440","665,200"
3/10/2013,"4,477","2,569","4,321","1,901","13,268","678,140","100,898","779,038","43,550","13,150","40,795","3,403","100,898",42,23,36,8,"16,853","24,534","41,435","3,627","31,251","25,598",960,"82,552","56,118","44,115","12,238","11,267","9,428","1,482","106,249","66,260","41,627","8,067","4,476","22,454","34,674","3,991","1,615","19,374","2,862","5,033","678,140","4,511","6,613","9,577",997,"6,766","5,780",279,"20,130","14,653","10,591","3,029","2,583","2,267",348,"21,651","14,048","8,672","1,685",943,"5,035","7,522",850,356,"4,179",676,"1,080","154,821","65,561","67,334","41,602","162,117","9,619","346,233","68,799","70,882","44,057","140,575","7,594","331,907","177,332","116,612","102,444","80,195","49,319","44,511","31,972","21,297","12,952","11,238","2,625","1,989","1,649",236,"23,769","678,140"
10/10/2013,"4,386","2,197","4,759","2,295","13,637","691,906","98,048","789,954","44,839","13,590","37,515","2,104","98,048",45,25,36,7,"17,375","25,682","42,445","3,820","31,804","26,436","1,070","83,491","56,673","44,541","12,353","11,430","9,559","1,495","108,632","67,664","42,341","8,258","4,556","22,877","35,462","4,286","1,729","19,843","2,917","5,167","691,906","4,671","6,955","9,843","1,056","6,906","5,998",308,"20,339","14,794","10,709","3,061","2,626","2,296",352,"22,142","14,345","8,817","1,724",959,"5,139","7,715",911,383,"4,282",690,"1,110","158,131","66,973","68,689","42,417","165,531","9,831","353,441","70,282","72,346","44,827","143,239","7,771","338,465","179,450","118,936","103,945","81,736","50,234","45,384","32,832","21,876","13,698","11,464","2,668","2,026","1,734",249,"25,674","691,906"
17/10/2013,"2,735","1,754","2,940","1,134","8,563","700,353","93,337","793,690","43,735","11,944","37,431",227,"93,337",42,25,35,6,"17,692","26,261","42,938","4,064","32,021","26,973","1,117","84,124","56,899","44,875","12,495","11,637","9,571","1,501","110,383","68,556","42,988","8,345","4,578","23,146","35,981","4,304","1,745","20,017","2,914","5,228","700,353","4,761","7,114","9,975","1,121","6,970","6,129",321,"20,502","14,868","10,781","3,095","2,670","2,304",353,"22,528","14,540","8,966","1,743",963,"5,203","7,847",911,388,"4,331",687,"1,121","160,192","67,792","69,574","42,877","167,661","9,961","357,865","71,211","73,224","45,295","144,883","7,875","342,488","181,447","121,279","105,174","83,977","51,044","46,482","33,728","22,628","14,240","11,671","1,812","2,699","2,072",249,"21,851","700,353"
31/10/2013,"4,145","2,527","3,589","1,374","11,635","725,258","87,010","812,268","43,880","14,029","28,369",732,"87,010",45,23,34,4,"18,682","28,554","45,230","4,410","33,112","28,740","1,340","85,974","57,986","45,792","12,804","12,140","9,951","1,592","114,304","70,666","44,528","8,582","4,687","23,696","36,986","4,438","1,798","20,630","3,232","5,404","725,258","5,062","7,827","10,576","1,232","7,234","6,607",382,"20,950","15,181","11,010","3,171","2,803","2,389",372,"23,378","14,973","9,287","1,796",987,"5,347","8,080",933,400,"4,473",766,"1,163","166,379","70,502","71,992","44,262","173,764","10,368","370,888","74,018","75,792","46,579","149,820","8,161","354,370","185,730","126,523","107,998","87,549","52,722","47,982","35,506","23,684","15,655","11,999","2,049","2,865","2,156",264,"22,576","725,258"
7/11/2013,"3,968",634,"3,162",906,"8,670","721,048","84,599","805,647","43,594","13,199","26,701","1,105","84,599",43,23,27,3,"18,207","28,422","44,481","4,393","33,204","28,537","1,289","84,959","56,804","45,665","12,610","12,030","9,802","1,572","115,145","70,913","44,651","8,596","4,679","23,431","36,290","4,405","1,793","20,442","3,343","5,385","721,048","4,704","7,632","10,230","1,174","7,194","6,486",348,"20,685","14,677","10,941","3,063","2,722","2,300",357,"23,486","14,967","9,285","1,797",976,"5,220","7,779",921,390,"4,397",792,"1,149","163,672","70,389","71,921","44,174","172,735","10,275","369,494","73,833","75,790","46,400","147,458","8,073","351,554","184,437","125,336","107,710","87,075","52,392","47,438","35,397","23,880","15,665","11,796","2,820","2,126","2,110",235,"22,631","721,048"
14/11/2013,"4,112","1,940","6,138","1,179","13,369","735,204","81,607","816,811","42,479","13,648","24,469","1,011","81,607",44,22,23,3,"18,943","29,395","45,763","4,636","33,950","29,364","1,389","85,789","57,179","46,114","12,711","12,247","9,842","1,643","118,027","73,078","45,431","8,700","4,729","23,780","36,679","4,474","1,815","20,741","3,365","5,420","735,204","5,008","7,955","10,565","1,255","7,386","6,697",381,"20,871","14,785","11,051","3,096","2,777","2,309",372,"24,138","15,445","9,456","1,820",988,"5,304","7,871",936,395,"4,471",797,"1,160","167,289","71,997","73,377","44,982","176,192","10,461","377,009","75,472","77,196","47,068","150,207","8,252","358,195","186,855","128,055","109,191","89,245","53,439","48,255","36,229","24,680","16,263","11,999","2,885","2,268","2,164",259,"23,417","735,204"
21/11/2013,"4,411","2,307","4,737","1,076","12,531","746,956","76,835","823,791","41,569","13,813","20,012","1,441","76,835",43,21,20,5,"19,420","30,291","46,941","4,968","34,374","30,308","1,470","86,712","57,582","46,615","12,823","12,440","9,950","1,694","119,920","74,544","46,015","8,765","4,778","24,051","37,019","4,623","1,842","20,968","3,395","5,448","746,956","5,164","8,225","10,876","1,364","7,490","6,932",412,"21,085","14,908","11,164","3,127","2,817","2,333",381,"24,563","15,756","9,586","1,842",993,"5,374","7,941",968,402,"4,517",802,"1,164","170,186","73,413","74,481","45,588","179,095","10,630","383,207","76,883","78,405","47,662","152,407","8,392","363,749","188,867","130,632","110,549","90,692","54,221","48,964","36,981","25,480","16,709","12,253","2,927","2,370","2,195",268,"23,848","746,956"
28/11/2013,"3,383","2,300","4,550","1,154","11,387","758,771","73,234","832,005","43,926","14,405","13,171","1,732","73,234",43,21,18,6,"19,720","30,813","47,858","5,097","34,978","30,783","1,545","87,379","58,001","47,103","12,872","12,737","10,090","1,725","122,579","76,400","46,868","8,913","4,867","24,291","37,394","4,784","1,893","21,143","3,396","5,542","758,771","5,273","8,401","11,122","1,414","7,623","7,054",436,"21,254","15,030","11,263","3,142","2,885","2,368",387,"25,121","16,161","9,764","1,873","1,012","5,435","8,015","1,009",414,"4,556",801,"1,186","172,999","73,381","76,132","46,431","182,686","10,907","389,537","76,791","80,300","48,506","155,010","8,627","369,234","191,446","132,886","111,701","92,150","55,153","49,653","37,676","26,328","17,053","12,379","2,987","2,541","2,225",275,"24,318","758,771"
5/12/2013,"3,429","3,142","5,219","1,305","13,095","771,536","64,199","835,735","42,608","10,028","9,676","1,887","64,199",41,21,14,6,"20,232","31,652","48,858","5,364","35,325","31,271","1,631","88,586","58,340","47,694","13,039","12,964","10,284","1,814","124,739","78,474","47,555","9,080","4,911","24,574","37,749","4,836","1,915","21,493","3,545","5,611","771,536","5,438","8,676","11,374","1,496","7,720","7,187",467,"21,540","15,138","11,403","3,182","2,938","2,409",404,"25,606","16,640","9,923","1,913","1,021","5,501","8,112","1,017",421,"4,641",841,"1,198","176,206","74,897","77,370","47,188","185,859","11,156","396,470","78,325","81,662","49,137","157,159","8,783","375,066","194,095","135,284","113,023","94,140","56,051","50,451","38,340","27,051","17,603","12,554","2,731","3,083","2,244",285,"24,601","771,536"
12/12/2013,"3,938","1,698","3,893","1,354","10,883","782,457","60,083","842,540","41,088","10,491","6,624","1,880","60,083",39,20,14,8,"20,639","32,409","50,191","5,654","35,751","32,063","1,737","89,262","58,670","48,086","13,186","13,036","10,422","1,860","126,570","79,673","48,050","9,174","4,949","24,805","38,155","4,918","1,978","21,826","3,592","5,801","782,457","5,572","8,917","11,721","1,584","7,819","7,386",496,"21,710","15,215","11,515","3,215","2,953","2,443",413,"26,023","16,920","10,037","1,934","1,028","5,553","8,207","1,035",437,"4,714",851,"1,233","178,931","76,180","78,424","47,778","188,608","11,330","402,320","79,636","82,796","49,652","159,134","8,919","380,137","196,121","137,500","114,121","95,694","56,927","51,167","39,064","27,610","17,901","12,739","2,977","3,138","2,289",302,"24,907","782,457"
19/12/2013,"5,026","2,856","3,879","1,135","12,896","793,227","55,576","848,803","38,054","10,135","5,615","1,772","55,576",37,22,10,8,"20,917","32,930","51,272","5,867","36,253","32,890","1,919","90,194","59,033","48,736","13,446","13,342","10,608","1,900","127,933","81,171","48,420","9,257","4,976","25,027","38,537","4,950","1,999","22,042","3,614","5,994","793,227","5,666","9,083","11,966","1,647","7,926","7,564",543,"21,954","15,331","11,676","3,276","3,015","2,484",422,"26,325","17,294","10,118","1,953","1,034","5,606","8,310","1,041",442,"4,762",856,"1,276","181,570","77,513","79,471","48,352","191,200","11,520","408,056","81,062","83,878","50,119","161,081","9,031","385,171","198,345","139,790","115,554","97,250","57,938","51,549","39,579","28,112","18,128","12,938","3,158","3,164","2,344",310,"25,068","793,227"
26/12/2013,"3,541","1,693","1,778",897,"7,909","800,634","54,143","854,777","36,550","10,611","5,013","1,969","54,143",37,23,9,9,"21,193","33,679","52,338","6,163","36,782","33,663","1,984","90,873","59,302","49,048","13,503","13,423","10,687","1,900","128,517","82,074","48,577","9,277","4,996","25,109","38,699","4,972","2,034","22,167","3,618","6,056","800,634","5,747","9,294","12,241","1,726","8,050","7,747",559,"22,130","15,406","11,768","3,290","3,033","2,504",422,"26,450","17,503","10,153","1,959","1,039","5,620","8,341","1,045",447,"4,783",856,"1,287","183,400","78,358","80,163","48,747","193,062","11,642","411,972","82,033","84,670","50,478","162,358","9,123","388,662","199,997","141,461","116,397","98,274","58,380","51,995","39,953","28,431","18,339","13,068","3,310","3,185","2,357",338,"25,149","800,634"
2/1/2014,"2,853","1,389","1,971","1,043","7,256","807,940","52,220","860,160","34,690","10,271","5,551","1,708","52,220",35,21,9,9,"21,475","34,130","53,363","6,390","37,081","34,119","2,115","91,458","59,675","49,327","13,568","13,492","10,767","1,907","129,375","82,888","48,737","9,345","5,044","25,313","39,084","5,023","2,050","22,439","3,625","6,150","807,940","5,824","9,436","12,483","1,787","8,122","7,863",594,"22,280","15,510","11,834","3,305","3,051","2,522",425,"26,633","17,689","10,186","1,974","1,048","5,666","8,449","1,057",452,"4,850",856,"1,305","185,201","76,896","81,435","49,675","195,973","11,876","415,855","80,377","86,154","51,338","164,938","9,278","392,085","201,261","143,207","117,157","99,332","58,901","52,457","40,265","28,884","18,590","13,226","3,409","3,214","2,384",346,"25,307","807,940"
9/1/2014,"4,414","3,143","3,366","1,375","12,298","819,239","48,985","868,224","32,282","8,287","6,937","1,479","48,985",34,21,10,10,"21,845","35,082","54,699","6,636","37,713","34,819","2,162","92,514","60,146","50,039","13,771","13,756","10,944","1,936","130,417","84,318","49,065","9,397","5,103","25,566","39,490","5,086","2,097","22,742","3,629","6,271","819,243","5,954","9,727","12,843","1,865","8,268","8,045",609,"22,564","15,651","12,028","3,355","3,104","2,559",433,"26,857","17,992","10,244","1,987","1,057","5,736","8,549","1,069",465,"4,926",856,"1,331","188,074","76,338","82,884","50,641","199,845","12,153","421,861","79,589","87,758","52,532","168,009","9,490","397,378","203,425","145,984","118,482","100,750","59,813","52,953","40,786","29,543","18,880","13,443","3,498","3,258","2,429",363,"25,632","819,239"
16/1/2014,"4,038","2,243","2,459","1,012","9,752","828,953","51,110","880,063","31,108","7,532","10,695","1,775","51,110",32,20,11,10,"22,186","35,923","56,034","6,805","38,114","35,667","2,212","93,252","60,558","50,708","13,926","13,913","11,067","1,969","131,681","84,984","49,410","9,439","5,125","25,805","39,896","5,199","2,142","22,923","3,653","6,362","828,953","6,051","9,969","13,183","1,902","8,371","8,247",619,"22,773","15,775","12,196","3,397","3,136","2,585",440,"27,134","18,140","10,320","1,997","1,062","5,793","8,650","1,094",476,"4,969",861,"1,347","190,487","76,990","83,964","51,291","202,433","12,324","427,002","80,352","88,886","53,138","169,949","9,626","401,951","204,915","148,775","119,597","102,020","60,506","53,550","41,199","30,113","19,136","13,634","3,563","3,276","2,449",376,"25,844","828,953"
23/1/2014,"4,840","2,187","4,183","1,793","13,003","841,942","48,194","890,136","28,184","7,032","11,692","1,286","48,194",30,19,12,8,"22,688","36,890","57,705","7,034","38,605","36,651","2,245","94,017","61,046","51,134","14,031","14,034","11,166","1,997","133,864","86,406","49,914","9,484","5,185","26,183","40,561","5,394","2,196","23,405","3,666","6,441","841,942","6,198","10,218","13,600","1,960","8,493","8,489",627,"22,984","15,916","12,306","3,429","3,169","2,608",445,"27,617","18,487","10,437","2,008","1,076","5,889","8,819","1,134",492,"5,071",864,"1,364","193,700","77,830","85,440","52,210","206,025","12,522","434,027","81,264","90,414","53,993","172,452","9,792","407,915","207,056","152,088","120,973","103,806","61,468","54,438","41,719","30,761","19,439","13,944","3,830","3,336","2,484",390,"26,210","841,942"
30/1/2014,"4,965","1,992","4,172","1,647","12,776","854,352","47,895","902,247","26,955","7,272","12,556","1,112","47,895",29,19,12,7,"23,118","37,632","59,424","7,233","39,133","37,579","2,274","94,709","61,516","51,573","14,147","14,246","11,281","2,021","135,949","87,723","50,552","9,507","5,225","26,451","41,005","5,470","2,215","23,804","4,049","6,516","854,352","6,328","10,421","14,023","2,004","8,624","8,711",637,"23,192","16,074","12,437","3,462","3,218","2,643",452,"28,097","18,810","10,572","2,016","1,088","5,961","8,934","1,154",496,"5,158",972,"1,381","196,865","78,691","86,935","52,920","209,420","12,743","440,709","82,204","92,037","54,692","174,761","9,949","413,643","208,687","155,164","122,202","105,960","62,362","55,430","42,287","31,421","19,672","14,200","3,962","3,391","2,540",393,"26,681","854,352"
6/2/2014,"5,696","1,979","4,613","1,457","13,745","867,431","47,714","915,145","24,224","7,558","15,054",878,"47,714",28,21,14,6,"23,723","38,532","61,623","7,483","39,815","38,687","2,332","95,242","61,729","52,066","14,283","14,358","11,427","2,030","138,084","88,848","51,295","9,578","5,279","26,719","41,464","5,599","2,265","24,120","4,256","6,594","867,431","6,502","10,670","14,569","2,074","8,790","8,965",652,"23,346","16,147","12,560","3,494","3,240","2,675",454,"28,570","19,078","10,744","2,033","1,104","6,022","9,034","1,182",508,"5,233","1,032","1,400","200,078","79,931","88,449","53,650","212,725","13,041","447,796","83,498","93,610","55,431","176,944","10,152","419,635","210,284","158,795","123,456","108,247","63,093","56,387","43,018","32,092","19,997","14,474","4,097","3,426","2,568",393,"27,104","867,431"
13/2/2014,"4,956","1,513","4,712","1,432","12,613","879,907","47,731","927,638","23,438","7,730","15,419","1,144","47,731",26,22,15,5,"24,259","39,518","63,302","7,724","40,490","39,581","2,386","95,649","62,110","52,399","14,407","14,444","11,526","2,036","140,151","90,523","51,953","9,707","5,319","26,987","41,943","5,794","2,328","24,415","4,311","6,645","879,907","6,656","10,941","14,982","2,135","8,957","9,188",668,"23,465","16,273","12,643","3,534","3,261","2,703",455,"29,081","19,468","10,919","2,061","1,115","6,093","9,165","1,232",525,"5,298","1,047","1,417","203,282","81,242","89,782","54,308","215,952","13,258","454,542","84,860","95,030","56,069","179,047","10,359","425,365","211,886","162,103","124,637","110,404","63,821","57,274","43,678","32,819","20,298","14,692","4,312","3,485","2,580",401,"27,517","879,907"
20/2/2014,"5,037","1,901","3,655","1,063","11,656","886,085","48,810","934,895","22,597","7,560","16,988","1,665","48,810",26,23,18,5,"24,723","40,080","64,593","7,932","40,900","40,226","2,443","95,425","61,253","52,148","14,315","14,481","11,558","2,009","141,639","92,010","52,465","9,757","5,340","26,820","42,233","5,794","2,332","24,530","4,441","6,638","886,085","6,792","11,085","15,294","2,200","9,049","9,356",685,"23,371","16,014","12,553","3,499","3,263","2,700",449,"29,427","19,866","11,047","2,075","1,122","6,049","9,229","1,231",525,"5,321","1,077","1,419","204,698","81,934","90,490","54,594","217,440","13,337","457,795","85,548","95,748","56,275","180,339","10,380","428,290","212,406","164,105","125,053","111,883","63,985","57,645","43,952","33,245","20,411","14,770","4,502","3,437","2,535",412,"27,744","886,085"
27/2/2014,"5,563","1,801","3,727","1,275","12,366","898,271","46,126","944,397","20,243","7,562","16,543","1,778","46,126",25,24,20,7,"25,248","41,155","66,460","8,190","41,606","41,320","2,501","96,080","61,606","52,641","14,417","14,595","11,621","2,032","143,377","93,120","53,080","9,873","5,360","27,043","42,639","5,962","2,351","24,788","4,514","6,692","898,271","6,943","11,377","15,751","2,272","9,220","9,615",701,"23,542","16,137","12,673","3,525","3,293","2,716",455,"29,839","20,158","11,188","2,104","1,128","6,103","9,331","1,271",529,"5,385","1,091","1,430","207,777","83,179","91,780","55,226","220,618","13,556","464,359","86,951","97,146","56,907","182,375","10,533","433,912","213,795","167,328","126,210","113,685","64,701","58,684","44,587","33,961","20,773","15,092","4,830","3,487","2,562",427,"28,149","898,271"
6/3/2014,"4,363","1,432","3,699",408,"9,902","907,678","50,095","957,773","20,819","8,942","18,224","2,110","50,095",24,21,21,9,"25,594","41,904","67,697","8,428","42,147","42,163","2,544","96,609","61,873","52,925","14,483","14,747","11,674","2,077","144,928","94,546","53,534","9,974","5,389","27,146","42,782","5,977","2,378","24,927","4,514","6,718","907,678","7,046","11,601","16,077","2,348","9,365","9,830",713,"23,694","16,228","12,756","3,542","3,333","2,735",463,"30,190","20,523","11,301","2,124","1,135","6,127","9,368","1,274",539,"5,416","1,091","1,435","210,254","83,980","92,942","55,713","223,168","13,753","469,556","87,778","98,373","57,387","183,935","10,649","438,122","214,940","169,728","127,088","115,290","65,319","59,479","44,987","34,452","21,058","15,287","4,977","3,538","2,591",444,"28,500","907,678"
13/3/2014,"4,684","1,709","3,825","1,223","11,441","919,124","48,346","967,470","20,109","7,947","17,621","2,669","48,346",23,21,21,11,"25,959","42,738","69,219","8,596","42,753","43,261","2,680","97,359","62,108","53,278","14,604","14,895","11,750","2,086","146,624","95,491","54,107","10,023","5,412","27,515","43,379","6,172","2,398","25,301","4,614","6,802","919,124","7,156","11,829","16,463","2,397","9,523","10,106",752,"23,912","16,328","12,863","3,578","3,368","2,754",468,"30,597","20,777","11,439","2,136","1,141","6,210","9,507","1,319",543,"5,511","1,117","1,451","213,245","85,150","94,177","56,367","226,253","13,984","475,931","88,900","99,672","57,938","185,878","10,805","443,193","216,309","172,567","128,151","117,223","66,044","60,422","45,408","35,104","21,360","15,618","5,314","3,582","2,603",448,"28,971","919,124"
20/3/2014,"4,926","1,972","4,073","1,143","12,114","931,133","48,146","979,279","19,771","7,913","17,752","2,710","48,146",22,22,20,13,"26,389","43,578","70,462","8,916","43,289","44,182","2,867","98,032","62,437","53,694","14,756","15,059","11,804","2,108","148,982","96,831","54,896","10,116","5,478","27,756","43,746","6,221","2,421","25,506","4,758","6,849","931,133","7,297","12,079","16,795","2,481","9,661","10,339",798,"24,117","16,437","12,984","3,615","3,411","2,775",473,"31,132","21,101","11,614","2,160","1,154","6,266","9,601","1,330",547,"5,554","1,159","1,460","216,340","86,367","95,546","56,943","229,382","14,189","482,427","90,318","101,125","58,524","187,795","10,944","448,706","217,737","175,709","129,247","119,080","66,878","61,375","45,880","35,926","21,704","15,813","5,685","3,622","2,639",449,"29,389","931,133"
27/3/2014,"5,056","1,975","4,491","1,076","12,598","943,375","46,758","990,133","18,618","7,637","17,572","2,931","46,758",22,19,14,20,"26,743","44,768","71,793","9,307","44,006","45,076","2,986","98,666","62,728","54,070","14,955","15,280","11,906","2,138","150,802","98,486","55,524","10,229","5,536","28,003","44,126","6,370","2,466","25,740","4,773","6,898","943,375","7,415","12,405","17,136","2,581","9,845","10,542",830,"24,287","16,528","13,080","3,669","3,467","2,800",480,"31,553","21,504","11,772","2,188","1,167","6,324","9,694","1,370",556,"5,610","1,163","1,474","219,440","87,651","96,881","57,621","232,606","14,417","489,176","91,606","102,587","59,123","189,789","11,094","454,199","219,196","178,738","130,414","121,100","67,724","62,255","46,310","36,694","22,030","16,100","6,060","3,655","2,664",480,"29,955","943,375"
3/4/2014,"4,447","1,832","4,505","1,072","11,856","953,626","47,917","1,001,543","17,984","7,304","19,596","3,033","47,917",21,22,20,14,"27,111","45,754","73,356","9,831","44,818","46,119","3,153","98,804","62,506","54,182","15,013","15,238","11,932","2,170","152,371","100,170","56,135","10,340","5,600","28,266","44,219","6,406","2,492","25,864","4,795","6,981","953,626","7,525","12,678","17,543","2,720","10,047","10,811",873,"24,368","16,496","13,124","3,684","3,468","2,816",484,"31,909","21,924","11,900","2,215","1,178","6,382","9,741","1,375",563,"5,645","1,165","1,491","222,125","88,623","98,129","58,189","235,386","14,595","494,922","92,505","103,938","59,711","191,315","11,235","458,704","220,173","181,385","131,268","122,998","68,403","62,937","46,723","37,655","22,532","16,300","6,312","3,698","2,667",482,"30,093","953,626"
10/4/2014,"4,883","1,856","4,881","1,448","13,068","966,267","47,803","1,014,070","16,321","7,679","21,154","2,649","47,803",22,24,22,15,"27,643","46,645","74,770","10,003","45,505","46,993","3,336","99,191","62,772","54,692","15,134","15,467","12,076","2,193","154,304","102,080","56,873","10,465","5,682","28,641","44,657","6,598","2,533","26,147","4,836","7,031","966,267","7,673","12,916","17,892","2,783","10,232","11,033",928,"24,492","16,604","13,261","3,725","3,519","2,861",490,"32,364","22,384","12,080","2,245","1,192","6,497","9,862","1,422",577,"5,707","1,173","1,504","225,416","89,946","99,516","58,957","238,729","14,810","501,958","93,950","105,379","60,415","193,179","11,386","464,309","221,381","184,429","132,646","125,237","69,259","63,755","47,110","38,696","22,871","16,716","6,620","3,761","2,710",507,"30,569","966,267"
24/4/2014,"2,951","1,126","2,730","1,020","7,827","986,955","48,010","1,034,965","14,607","7,335","24,189","1,879","48,010",23,23,27,14,"28,274","47,873","77,141","10,550","46,393","48,351","3,392","100,808","63,173","55,469","15,396","15,884","12,400","2,242","157,563","104,865","57,979","10,630","5,730","29,227","45,510","6,681","2,599","26,755","4,873","7,197","986,955","7,848","13,256","18,487","2,943","10,464","11,389",943,"24,906","16,770","13,504","3,804","3,615","2,944",504,"33,108","23,083","12,332","2,282","1,205","6,655","10,071","1,440",594,"5,844","1,180","1,540","230,711","92,133","101,757","60,154","244,182","15,183","513,409","96,316","107,770","61,596","196,206","11,658","473,546","223,684","189,247","134,486","128,440","70,741","65,129","48,144","40,882","23,558","17,368","7,026","3,855","2,804",521,"31,070","986,955"
30/4/2014,"4,306","1,933","3,843","1,189","11,271","995,221","49,677","1,044,898","13,508","7,515","26,778","1,876","49,677",23,22,30,13,"28,575","48,382","78,107","10,695","46,816","49,089","3,504","101,412","63,343","55,787","15,518","16,066","12,460","2,279","158,604","106,182","58,299","10,697","5,757","29,382","45,814","6,720","2,635","26,936","4,914","7,248","995,221","7,940","13,407","18,720","2,986","10,576","11,565",975,"25,055","16,833","13,596","3,837","3,659","2,961",513,"33,344","23,410","12,407","2,295","1,212","6,689","10,162","1,449",602,"5,892","1,193","1,553","232,831","93,091","102,643","60,656","246,262","15,345","517,997","97,324","108,677","62,068","197,369","11,786","477,224","224,508","191,229","135,202","129,883","71,467","65,568","48,561","41,759","23,767","17,660","7,164","3,881","2,842",529,"31,201","995,221"
8/5/2014,"3,508","1,766","4,157","1,579","11,010","1,005,363","52,725","1,058,088","13,893","7,873","29,319","1,640","52,725",22,21,34,11,"28,829","48,993","79,095","10,975","47,329","49,672","3,559","102,302","63,539","56,141","15,580","16,159","12,541","2,313","160,019","107,851","58,824","10,760","5,798","29,653","46,258","6,946","2,677","27,249","4,994","7,307","1,005,363","8,031","13,586","18,992","3,059","10,730","11,718",991,"25,302","16,907","13,698","3,864","3,687","2,986",521,"33,668","23,785","12,525","2,311","1,221","6,756","10,271","1,499",613,"5,968","1,213","1,565","235,467","93,930","103,925","61,278","249,042","15,523","523,698","98,251","110,036","62,644","198,827","11,907","481,665","225,412","193,441","136,052","131,660","72,219","66,155","48,993","43,125","23,950","18,133","7,314","3,918","2,893",554,"31,544","1,005,363"
15/5/2014,"3,634","3,074","4,646","1,207","12,561","1,014,530","52,621","1,067,151","13,603","6,186","31,232","1,600","52,621",22,20,36,10,"28,315","49,099","79,513","11,107","47,545","50,026","3,623","103,568","63,882","56,871","15,839","16,385","12,736","2,382","161,629","109,811","59,509","10,917","5,848","29,799","46,562","6,959","2,684","27,526","4,992","7,403","1,014,530","7,907","13,579","19,094","3,083","10,793","11,801","1,001","25,667","17,031","13,906","3,936","3,742","3,044",538,"34,059","24,288","12,682","2,347","1,229","6,788","10,335","1,499",614,"6,024","1,211","1,582","237,780","95,058","104,950","61,848","251,331","15,656","528,843","99,334","111,107","63,110","200,162","11,974","485,687","232,538","200,271","139,718","136,365","74,570","67,655","50,254","45,368","24,504","19,061","7,636","4,175","2,976",590,"8,849","1,014,530"
22/5/2014,"3,546","2,359","4,049",949,"10,903","1,024,887","56,789","1,081,676","14,012","5,758","35,365","1,654","56,789",22,20,35,10,"28,622","49,707","80,532","11,391","47,980","50,800","3,731","104,633","64,156","57,374","16,010","16,486","12,847","2,433","162,907","111,627","60,114","10,922","5,885","30,091","46,735","6,984","2,692","27,777","5,008","7,443","1,024,887","8,023","13,757","19,359","3,172","10,913","11,998","1,031","25,965","17,135","14,048","3,978","3,764","3,076",549,"34,369","24,733","12,806","2,351","1,237","6,856","10,385","1,502",623,"6,088","1,213","1,594","240,525","96,301","106,026","62,457","253,971","15,809","534,564","100,628","112,334","63,625","201,636","12,100","490,323","233,726","202,584","140,732","138,231","75,377","68,052","50,609","46,632","24,863","19,415","7,741","4,221","3,011",629,"9,064","1,024,887"
29/5/2014,"2,694","1,943","4,193",713,"9,543","1,034,176","58,096","1,092,272","14,580","5,369","36,175","1,972","58,096",21,19,35,12,"28,842","49,999","81,237","11,611","48,387","51,390","3,872","105,618","64,388","57,871","16,154","16,594","12,915","2,441","164,537","113,222","60,833","11,012","5,904","30,278","46,903","7,017","2,696","27,936","5,020","7,499","1,034,176","8,109","13,857","19,543","3,238","11,016","12,150","1,068","26,224","17,229","14,173","4,017","3,791","3,098",552,"34,730","25,116","12,962","2,372","1,243","6,895","10,431","1,511",625,"6,120","1,216","1,608","242,894","97,390","107,084","63,025","256,303","15,969","539,771","101,706","113,419","64,114","202,964","12,202","494,405","234,744","204,704","141,604","140,001","75,924","68,599","50,932","47,931","25,134","19,720","7,823","4,277","3,032",648,"9,103","1,034,176"
5/6/2015,"3,123","1,806","4,430",884,"10,243","1,038,101","54,968","1,093,069","13,021","4,618","35,188","2,141","54,968",21,18,35,15,"28,866","50,225","81,838","11,791","48,606","52,005","3,866","104,843","63,061","57,206","16,001","16,428","12,822","2,442","166,043","115,310","61,492","11,099","5,951","30,435","47,188","7,129","2,741","28,138","5,050","7,525","1,038,101","8,137","13,923","19,693","3,303","11,095","12,310","1,066","25,932","16,773","13,917","3,943","3,743","3,054",547,"35,091","25,682","13,116","2,394","1,256","6,941","10,498","1,536",634,"6,165","1,226","1,615","243,590","97,956","107,780","63,350","257,405","16,012","542,503","102,338","114,146","64,310","202,571","12,233","495,598","234,015","205,545","141,693","141,271","75,890","69,161","51,078","49,135","25,309","19,927","7,951","4,231","3,031",651,"9,213","1,038,101"
12/6/2014,"2,740","2,254","4,489",490,"9,973","1,047,898","52,588","1,100,486","11,841","3,605","34,677","2,465","52,588",21,17,34,13,"29,147","50,745","82,510","12,023","49,015","52,567","3,906","105,602","63,403","57,759","16,093","16,584","12,959","2,477","168,060","116,910","62,315","11,220","6,013","30,563","47,301","7,157","2,763","28,174","5,068","7,564","1,047,898","8,230","14,092","19,869","3,370","11,199","12,459","1,075","26,136","16,884","14,053","3,967","3,783","3,086",559,"35,578","26,106","13,311","2,427","1,270","6,970","10,530","1,543",639,"6,178","1,229","1,625","246,168","98,456","109,183","64,006","260,145","16,233","548,023","102,958","115,496","64,978","204,055","12,388","499,875","235,204","207,682","143,527","142,260","76,568","69,855","51,464","50,253","25,522","20,273","8,085","4,312","3,064",659,"9,170","1,047,898"
19/6/2014,"3,137","2,239","4,271",626,"10,273","1,057,270","50,280","1,107,550","10,884","3,077","33,563","2,756","50,280",20,16,31,18,"29,444","51,136","83,479","12,158","49,322","53,291","4,066","106,430","63,818","58,266","16,179","16,721","13,111","2,542","169,509","118,724","62,885","11,274","6,064","30,715","47,427","7,186","2,773","28,268","4,879","7,603","1,057,270","8,332","14,223","20,096","3,415","11,278","12,639","1,126","26,349","17,016","14,208","3,990","3,824","3,126",576,"35,946","26,574","13,445","2,440","1,280","7,003","10,570","1,549",641,"6,199","1,180","1,633","248,658","99,482","110,302","64,521","262,545","16,400","553,250","103,969","116,639","65,491","205,410","12,511","504,020","236,268","209,620","145,237","143,102","77,311","70,615","51,871","51,154","25,823","20,670","8,159","4,369","3,086",672,"9,313","1,057,270"
26/6/2014,"3,291","1,085","4,450",761,"9,587","1,066,574","48,438","1,115,012","9,134","3,793","32,672","2,839","48,438",19,16,33,18,"29,688","51,599","84,485","12,488","49,765","53,955","4,244","106,301","63,983","58,590","16,241","16,769","13,141","2,564","170,976","120,761","63,410","11,323","6,097","30,825","47,538","7,201","2,772","28,501","5,685","7,672","1,066,574","8,406","14,348","20,334","3,514","11,389","12,803","1,173","26,314","17,056","14,292","4,003","3,836","3,134",578,"36,308","27,155","13,564","2,455","1,290","7,031","10,612","1,555",641,"6,250","1,403","1,646","251,090","100,533","111,322","65,162","264,961","16,564","558,542","104,973","117,785","66,068","206,571","12,635","508,032","236,863","211,567","147,514","143,941","77,907","71,426","52,193","52,165","26,045","21,026","8,278","4,414","3,113",695,"9,427","1,066,574"
10/7/2014,"2,918","1,472","5,358","1,227","10,975","1,084,550","41,363","1,125,913","7,524","3,082","28,602","2,155","41,363",16,16,31,13,"30,124","52,673","85,959","12,772","50,598","55,328","4,380","107,920","64,484","59,545","16,444","17,067","13,318","2,613","174,620","124,600","64,711","11,516","6,192","30,880","47,127","7,252","2,784","28,302","5,658","7,683","1,084,550","8,556","14,669","20,732","3,603","11,594","13,150","1,210","26,747","17,217","14,512","4,048","3,897","3,185",588,"37,157","28,136","13,885","2,503","1,313","7,046","10,528","1,571",647,"6,191","1,398","1,651","255,734","102,252","113,567","66,401","269,469","16,884","568,573","106,731","120,191","67,157","209,013","12,885","515,977","239,223","215,273","150,899","144,919","79,014","72,829","54,506","52,951","26,563","21,678","8,516","4,502","3,169",715,"9,793","1,084,550"
17/7/2014,"2,966","1,548","4,999","1,243","10,756","1,092,982","36,770","1,129,752","6,722","2,565","25,907","1,576","36,770",15,16,30,12,"30,134","52,940","86,380","12,947","50,771","55,557","4,400","108,359","64,696","59,945","16,519","17,169","13,376","2,639","176,655","126,411","65,366","11,629","6,227","31,206","47,511","7,334","2,835","28,538","5,673","7,765","1,092,982","8,567","14,745","20,849","3,636","11,633","13,204","1,215","26,836","17,275","14,607","4,066","3,916","3,193",595,"37,651","28,621","14,052","2,528","1,319","7,113","10,635","1,591",655,"6,246","1,402","1,660","257,810","103,223","114,657","67,032","271,523","16,987","573,422","107,759","121,368","67,649","209,829","12,955","519,560","240,092","217,234","152,677","145,429","79,484","73,367","55,529","53,196","26,727","22,106","8,643","4,551","3,188",720,"10,039","1,092,982"
24/7/2014,"2,923","1,742","4,923","1,449","11,037","1,103,707","34,336","1,138,043","5,537","1,852","24,249","2,698","34,336",14,16,26,11,"30,414","53,393","87,309","13,110","51,231","56,110","4,525","109,011","64,926","60,316","16,672","17,256","13,517","2,664","178,773","128,091","66,056","11,717","6,319","31,524","47,975","7,437","2,868","28,876","5,691","7,926","1,103,707","8,650","14,878","21,067","3,686","11,749","13,363","1,246","26,986","17,326","14,699","4,103","3,934","3,225",600,"38,194","29,076","14,242","2,550","1,337","7,185","10,744","1,614",663,"6,315","1,406","1,690","260,528","104,514","115,827","67,732","274,183","17,147","579,403","108,936","122,635","68,304","211,358","13,071","524,304","241,119","219,474","154,492","146,398","80,175","74,271","56,757","53,691","27,120","22,611","8,737","4,627","3,217",746,"10,272","1,103,707"
31/7/2014,"2,229",932,"3,347",689,"7,197","1,110,863","28,011","1,138,874","4,143","1,527","21,968",373,"28,011",13,14,24,9,"30,578","53,841","88,126","13,325","51,422","56,453","4,541","109,372","65,165","60,599","16,729","17,313","13,527","2,710","180,061","129,083","66,620","11,828","6,356","31,815","48,282","7,493","2,910","29,060","5,706","7,948","1,110,863","8,708","14,999","21,272","3,738","11,791","13,448","1,250","27,079","17,388","14,773","4,118","3,950","3,224",612,"38,529","29,322","14,387","2,578","1,346","7,248","10,814","1,630",669,"6,362","1,408","1,695","262,338","105,315","116,602","68,183","275,995","17,262","583,357","109,721","123,471","68,750","212,411","13,153","527,506","241,873","221,093","155,689","147,013","80,598","74,873","57,756","54,006","27,484","22,811","8,799","4,656","3,224",752,"10,236","1,110,863"
7/8/2014,"3,295","1,312","3,492",496,"8,595","1,119,606","27,168","1,146,774","4,267","1,566","20,588",747,"27,168",11,13,22,7,"30,186","54,578","89,460","13,491","51,939","57,250","4,637","109,270","65,471","60,933","16,868","17,406","13,560","2,726","182,133","130,219","67,366","11,916","6,395","31,933","48,472","7,555","2,906","29,177","5,726","8,033","1,119,606","8,621","15,202","21,566","3,783","11,911","13,628","1,271","27,100","17,482","14,858","4,152","3,977","3,237",616,"39,028","29,596","14,572","2,600","1,353","7,286","10,868","1,642",670,"6,384","1,413","1,713","264,529","106,010","117,641","68,748","278,270","17,439","588,108","110,457","124,650","69,272","213,830","13,289","531,498","242,977","223,507","157,008","147,897","81,217","75,477","58,683","54,376","27,900","23,175","8,902","4,679","3,238",762,"9,808","1,119,606"
14/8/2014,"2,740",927,"2,715",507,"6,889","1,126,748","28,207","1,154,955","4,268","2,103","20,707","1,129","28,207",10,12,22,9,"30,134","55,204","90,403","13,667","52,385","57,914","4,692","109,611","65,686","61,192","16,978","17,479","13,589","2,746","183,289","130,900","67,874","11,968","6,472","32,281","48,611","7,617","2,928","29,339","5,739","8,050","1,126,748","8,586","15,390","21,829","3,837","12,026","13,787","1,289","27,195","17,558","14,923","4,175","4,001","3,243",618,"39,349","29,767","14,697","2,619","1,368","7,358","10,886","1,652",673,"6,424","1,416","1,717","266,383","106,677","118,424","69,209","280,133","17,566","592,009","111,213","125,531","69,648","214,977","13,370","534,739","243,834","225,401","158,120","148,517","81,738","76,046","59,452","54,723","28,195","23,406","9,119","4,719","3,243",776,"9,459","1,126,748"
21/8/2014,"2,525","1,078","3,193",441,"7,237","1,134,243","31,906","1,166,149","5,318","2,601","22,393","1,594","31,906",10,12,23,11,"30,475","55,885","91,515","14,051","53,080","58,797","4,878","109,935","65,667","61,329","17,068","17,432","13,620","2,753","184,658","131,463","68,221","12,009","6,519","32,410","48,624","7,652","2,943","29,409","5,768","8,082","1,134,243","8,665","15,574","22,123","3,935","12,190","14,018","1,338","27,312","17,558","14,954","4,193","3,990","3,255",619,"39,701","29,914","14,799","2,623","1,379","7,389","10,894","1,660",675,"6,443","1,419","1,724","268,344","107,369","119,270","69,617","282,205","17,697","596,158","112,043","126,376","70,097","216,118","13,451","538,085","244,532","227,204","159,406","149,151","82,315","76,913","60,147","55,061","28,403","23,544","9,226","4,747","3,269",810,"9,515","1,134,243"
28/8/2014,"2,369","1,276","3,646",748,"8,039","1,142,252","33,252","1,175,504","5,588","2,187","23,858","1,619","33,252",10,11,25,12,"30,707","56,313","92,156","14,219","53,295","59,320","4,955","110,323","66,016","61,744","17,126","17,568","13,708","2,789","186,601","132,208","68,841","12,101","6,547","32,690","48,910","7,661","2,959","29,629","5,770","8,096","1,142,252","8,746","15,704","22,282","3,989","12,249","14,132","1,357","27,447","17,665","15,076","4,204","4,028","3,276",626,"40,198","30,123","14,962","2,646","1,390","7,458","10,964","1,663",680,"6,486","1,419","1,730","270,500","108,267","120,133","70,108","284,305","17,876","600,689","112,975","127,273","70,540","217,198","13,577","541,563","245,427","228,938","161,072","149,800","82,895","77,796","60,620","55,432","28,675","23,739","9,380","4,788","3,284",815,"9,591","1,142,252"
25/9/2014,"2,076",897,"2,878",476,"6,327","1,166,061","25,873","1,191,934","5,547","1,299","17,793","1,234","25,873",13,12,27,14,"31,274","57,109","93,947","14,759","53,582","60,297","5,210","111,638","66,536","63,003","17,394","17,859","13,931","2,936","193,622","134,527","70,915","12,358","6,695","33,429","49,782","7,839","3,022","30,289","5,818","8,290","1,166,061","8,885","15,945","22,722","4,159","12,280","14,347","1,420","27,894","17,959","15,429","4,287","4,111","3,347",665,"42,061","30,807","15,553","2,724","1,430","7,628","11,188","1,708",696,"6,640","1,430","1,774","277,089","110,761","123,004","71,586","290,653","18,444","614,448","115,671","130,327","71,892","219,840","13,883","551,613","247,790","233,868","166,061","151,311","84,458","80,837","62,545","56,524","29,366","24,607","9,950","4,859","3,347",842,"9,696","1,166,061"
2/10/2014,"1,715",947,"2,042",485,"5,189","1,129,889","21,168","1,151,057","4,865",882,"14,601",820,"21,168",18,11,29,16,"30,425","55,599","91,691","14,617","52,398","58,927","5,156","108,024","63,290","60,682","16,755","17,076","13,547","2,867","186,522","131,541","68,609","11,629","6,324","32,301","47,984","7,700","2,957","29,436","5,758","8,074","1,129,889","8,602","15,486","22,048","4,108","11,929","13,968","1,407","26,499","16,621","14,530","4,028","3,877","3,174",640,"40,148","29,962","14,917","2,526","1,322","7,289","10,700","1,672",681,"6,412","1,412","1,715","265,673","108,410","120,553","69,781","280,334","17,738","596,816","113,082","127,565","69,826","209,312","13,288","533,073","240,949","226,753","159,862","146,792","81,805","79,140","61,534","52,933","28,346","23,849","9,819","4,628","3,112",831,"9,536","1,129,889"
9/10/2014,981,677,"1,472",236,"3,366","1,125,122","17,303","1,142,425","4,833",554,"11,176",740,"17,303",22,10,29,18,"30,472","55,810","91,867","14,655","52,498","59,132","5,169","108,258","63,305","60,912","16,738","17,100","13,567","2,883","183,885","129,642","67,457","11,394","6,090","32,311","48,007","7,730","2,970","29,436","5,763","8,071","1,125,122","8,618","15,559","22,125","4,125","11,959","14,031","1,417","26,572","16,644","14,585","4,029","3,887","3,179",643,"39,694","29,595","14,681","2,485","1,271","7,293","10,724","1,679",684,"6,418","1,414","1,717","265,028","108,124","119,994","69,416","279,137","17,584","594,255","112,736","126,960","69,428","208,577","13,166","530,867","239,943","226,036","158,517","146,056","81,692","79,017","61,439","52,477","28,382","23,722","9,824","4,624","3,122",837,"9,434","1,125,122"
16/10/2014,"1,319",588,"1,918",296,"4,121","1,124,942","12,787","1,137,729","4,510",513,"7,001",763,"12,787",31,11,30,21,"30,424","55,790","91,772","14,709","52,360","59,129","5,191","108,331","63,290","60,988","16,735","17,099","13,605","2,888","183,912","129,609","67,569","11,404","6,078","32,242","47,941","7,705","2,967","29,393","5,749","8,062","1,124,942","8,618","15,566","22,124","4,134","11,905","14,039","1,428","26,595","16,645","14,607","4,025","3,894","3,192",648,"39,767","29,600","14,725","2,489","1,271","7,265","10,693","1,671",680,"6,394","1,411","1,714","265,100","108,195","120,063","69,397","279,134","17,584","594,373","112,800","126,890","69,398","208,340","13,141","530,569","239,994","226,188","158,257","145,976","81,825","78,948","61,539","52,230","28,394","23,765","9,835","4,605","3,105",854,"9,427","1,124,942"
23/10/2014,791,483,"1,781",665,"3,720","1,122,525","11,016","1,133,541","5,512",658,"4,329",517,"11,016",37,11,32,15,"30,265","55,586","91,360","14,806","52,183","59,008","5,231","108,211","63,176","60,977","16,700","17,057","13,587","2,897","184,088","129,517","67,639","11,430","6,107","31,785","47,565","7,687","2,978","29,079","5,662","7,944","1,122,525","8,581","15,523","22,033","4,161","11,866","14,034","1,435","26,535","16,609","14,579","4,019","3,877","3,187",648,"39,874","29,595","14,748","2,504","1,277","7,123","10,577","1,665",681,"6,314","1,387","1,689","264,521","108,103","119,903","69,315","278,526","17,544","593,391","112,614","126,625","69,201","207,595","13,099","529,134","239,926","225,802","157,855","145,577","81,636","78,592","61,454","51,807","28,300","23,701","9,875","4,595","3,096",854,"9,455","1,122,525"
30/10/2014,558,370,"2,092",598,"3,618","1,122,745","9,856","1,132,601","6,249",519,"2,879",209,"9,856",32,11,18,9,"30,234","55,628","91,479","14,827","52,246","59,112","5,233","108,053","62,983","60,902","16,667","17,050","13,576","2,899","184,137","129,765","67,627","11,442","6,153","31,816","47,572","7,700","2,975","29,067","5,643","7,959","1,122,745","8,582","15,549","22,069","4,172","11,887","14,065","1,438","26,469","16,537","14,538","4,014","3,869","3,183",648,"39,952","29,740","14,772","2,510","1,289","7,127","10,579","1,665",680,"6,313","1,381","1,691","264,719","108,297","119,841","69,423","278,577","17,564","593,702","112,725","126,533","69,198","207,531","13,056","529,043","239,956","226,073","157,942","145,608","81,672","78,555","61,457","51,688","28,275","23,694","9,889","4,576","3,081",858,"9,421","1,122,745"
6/11/2014,"1,558",826,"1,439",98,"3,921","1,126,023","8,271","1,134,294","6,064",223,"1,701",283,"8,271",26,10,14,9,"30,393","55,949","91,942","14,977","52,380","59,470","5,233","108,336","63,200","61,202","16,727","17,117","13,664","2,926","184,279","130,079","67,822","11,468","6,173","31,771","47,592","7,690","2,973","29,050","5,650","7,960","1,126,023","8,651","15,674","22,201","4,213","11,926","14,166","1,443","26,550","16,606","14,621","4,034","3,883","3,202",653,"40,444","30,017","14,974","2,565","1,307","7,113","10,575","1,661",678,"6,305","1,383","1,691","266,536","108,764","120,084","69,494","279,354","17,599","595,295","113,201","126,821","69,319","208,316","13,071","530,728","240,420","226,987","158,364","145,943","81,921","78,755","61,624","51,891","28,417","23,790","9,952","4,587","3,107",883,"9,382","1,126,023"
13/11/2014,"1,792",529,342,280,"2,943","1,130,274","9,846","1,140,120","5,876",349,"3,149",472,"9,846",19,10,17,10,"30,583","56,404","92,711","15,074","52,740","59,904","5,298","108,681","63,359","61,594","16,761","17,212","13,728","2,939","184,388","130,082","67,886","11,451","6,189","31,925","47,766","7,716","2,985","29,153","5,770","7,975","1,130,274","8,722","15,827","22,422","4,245","12,027","14,299","1,463","26,652","16,680","14,727","4,046","3,909","3,215",658,"40,489","30,036","15,000","2,566","1,310","7,157","10,625","1,670",684,"6,329","1,425","1,693","267,876","109,377","120,382","69,698","280,339","17,667","597,463","113,774","127,229","69,476","209,198","13,134","532,811","241,033","228,128","158,757","146,511","82,303","78,995","61,810","52,148","28,616","23,941","9,985","4,626","3,143",892,"9,386","1,130,274"
4/12/2014,556,476,863,288,"2,183","1,133,118","11,588","1,144,706","5,980",438,"4,823",347,"11,588",10,10,27,8,"30,907","57,128","93,748","15,398","53,273","60,718","5,437","108,139","62,414","61,705","16,634","17,232","13,725","3,011","184,888","128,923","68,048","11,370","6,209","32,051","48,154","7,787","3,030","29,320","5,804","8,065","1,133,118","8,855","16,076","22,740","4,364","12,172","14,527","1,506","26,488","16,401","14,728","3,999","3,902","3,216",676,"40,619","29,753","15,034","2,549","1,313","7,216","10,733","1,694",698,"6,381","1,433","1,717","268,790","110,074","120,652","69,739","281,034","17,719","599,218","114,493","127,441","69,479","209,320","13,167","533,900","239,871","229,860","158,972","146,708","82,591","79,334","62,182","52,297","28,903","24,115","10,070","4,662","3,103",921,"9,529","1,133,118"
11/12/2014,795,326,862,278,"2,261","1,135,793","12,975","1,148,768","6,384",533,"5,785",273,"12,975",15,10,25,7,"30,959","57,246","93,947","15,492","53,378","60,991","5,469","108,316","62,516","61,838","16,665","17,271","13,750","3,039","185,284","129,158","68,155","11,446","6,246","32,119","48,255","7,855","3,039","29,368","5,818","8,173","1,135,793","8,879","16,121","22,804","4,395","12,198","14,596","1,513","26,540","16,438","14,772","4,011","3,911","3,228",681,"40,732","29,834","15,068","2,568","1,321","7,236","10,767","1,711",699,"6,395","1,438","1,742","269,598","110,444","120,860","69,856","281,651","17,779","600,590","114,909","127,633","69,601","209,834","13,226","535,203","240,295","230,532","159,298","147,062","82,803","79,458","62,323","52,475","28,973","24,172","10,089","4,681","3,113",944,"9,575","1,135,793"
18/12/2014,"1,626",661,"1,145",266,"3,698","1,140,036","13,411","1,153,447","6,878",643,"5,410",480,"13,411",22,10,24,9,"31,099","57,565","94,295","15,592","53,433","61,257","5,506","108,622","62,629","62,076","16,771","17,315","13,799","3,084","186,163","129,641","68,269","11,491","6,299","32,251","48,368","7,879","3,084","29,423","5,849","8,276","1,140,036","8,917","16,231","22,898","4,420","12,226","14,666","1,528","26,641","16,479","14,848","4,037","3,922","3,246",691,"40,982","29,986","15,104","2,580","1,335","7,261","10,794","1,713",709,"6,409","1,446","1,766","270,835","111,176","121,148","70,028","282,648","17,856","602,856","115,639","127,944","69,742","210,571","13,284","537,180","240,926","231,627","159,815","147,518","83,090","79,687","62,557","52,694","29,149","24,293","10,119","4,707","3,141",947,"9,766","1,140,036"
24/12/2014,"1,435",713,"1,756",452,"4,356","1,143,872","12,727","1,156,599","7,102",582,"4,643",400,"12,727",24,11,20,9,"31,164","57,726","94,664","15,654","53,573","61,495","5,519","108,825","62,679","62,243","16,814","17,397","13,833","3,083","186,961","130,162","68,522","11,550","6,333","32,339","48,533","7,946","3,125","29,542","5,867","8,323","1,143,872","8,945","16,301","23,019","4,442","12,267","14,730","1,532","26,715","16,513","14,902","4,053","3,946","3,259",692,"41,231","30,170","15,173","2,594","1,344","7,279","10,834","1,727",716,"6,435","1,451","1,775","272,045","111,779","121,398","70,162","283,566","17,912","604,817","116,282","128,221","69,875","211,344","13,333","539,055","241,552","232,470","160,448","147,916","83,378","79,923","62,761","52,903","29,275","24,394","10,151","4,718","3,163",955,"9,865","1,143,872"
31/12/2014,234,366,"1,219",352,"2,171","1,146,405","12,590","1,158,995","7,824",529,"3,882",355,"12,590",25,12,17,9,"31,196","57,717","94,727","15,669","53,609","61,582","5,524","108,910","62,747","62,366","16,850","17,424","13,840","3,098","187,733","130,491","68,706","11,612","6,372","32,438","48,736","7,978","3,154","29,643","5,890","8,393","1,146,405","8,956","16,294","23,035","4,447","12,277","14,754","1,535","26,747","16,543","14,948","4,066","3,949","3,262",695,"41,467","30,269","15,227","2,615","1,354","7,305","10,877","1,733",721,"6,463","1,456","1,789","272,784","112,217","121,556","70,269","284,126","17,967","606,135","116,735","128,399","69,996","211,774","13,366","540,270","241,995","233,081","160,914","148,158","83,533","80,082","62,915","53,024","29,320","24,481","10,169","4,728","3,172",955,"9,878","1,146,405"
8/1/2015,825,329,562,298,"2,014","1,148,844","11,624","1,160,468","7,683",379,"3,255",307,"11,624",26,11,16,9,"31,250","57,899","95,070","15,686","53,689","61,706","5,531","108,924","62,785","62,444","16,929","17,439","13,846","3,107","188,284","130,731","68,934","11,641","6,419","32,543","48,832","8,001","3,157","29,709","5,897","8,391","1,148,844","8,974","16,367","23,129","4,456","12,304","14,802","1,541","26,763","16,565","14,977","4,090","3,954","3,267",697,"41,616","30,333","15,283","2,620","1,362","7,335","10,897","1,739",722,"6,478","1,456","1,790","273,517","106,644","123,030","71,683","287,675","18,326","607,358","110,641","130,074","72,202","214,912","13,657","541,486","242,348","233,706","161,240","148,444","83,712","80,286","63,038","53,164","29,421","24,555","10,189","4,732","3,183",960,"9,866","1,148,844"
15/1/2015,"1,374",567,277,406,"2,624","1,151,676","9,073","1,160,749","7,247",483,"1,080",263,"9,073",26,11,13,9,"31,367","58,187","95,588","15,753","53,896","62,008","5,583","109,129","62,831","62,661","17,045","17,507","13,950","3,099","188,499","130,793","69,051","11,636","6,452","32,527","48,789","8,020","3,161","29,820","5,887","8,437","1,151,676","9,016","16,463","23,269","4,486","12,359","14,878","1,555","26,842","16,601","15,037","4,118","3,979","3,296",697,"41,683","30,356","15,313","2,617","1,371","7,336","10,886","1,745",723,"6,510","1,456","1,803","274,395","106,017","123,517","71,943","288,820","18,395","608,692","110,059","130,537","72,665","216,017","13,706","542,984","242,731","234,504","161,464","148,717","83,962","80,546","63,174","53,350","29,540","24,676","10,208","4,743","3,201",969,"9,891","1,151,676"
22/1/2015,"1,265",541,408,387,"2,601","1,154,593","11,895","1,166,488","7,117",509,"4,048",221,"11,895",25,11,13,8,"31,444","58,521","96,056","15,828","54,047","62,347","5,599","109,333","62,963","62,827","17,122","17,593","13,943","3,110","188,689","130,672","69,165","11,610","6,445","32,597","49,051","8,067","3,193","29,954","5,910","8,507","1,154,593","9,049","16,600","23,396","4,512","12,399","14,960","1,558","26,937","16,656","15,093","4,146","4,004","3,303",701,"41,706","30,312","15,334","2,616","1,368","7,360","10,953","1,757",729,"6,545","1,460","1,817","275,271","105,718","123,979","72,186","289,741","18,428","610,052","109,895","130,915","72,992","217,004","13,735","544,541","243,106","235,391","161,684","149,094","84,180","80,764","63,298","53,500","29,688","24,769","10,257","4,758","3,210",986,"9,908","1,154,593"
29/1/2015,"1,671",453,823,345,"3,292","1,154,848","12,394","1,167,242","7,455",801,"3,883",255,"12,394",24,12,15,7,"31,645","58,967","96,547","15,946","54,229","62,756","5,620","108,364","61,762","62,325","16,989","17,446","13,833","3,099","189,268","130,823","69,317","11,664","6,442","32,730","49,232","8,094","3,212","30,064","5,924","8,550","1,154,848","9,115","16,792","23,535","4,550","12,451","15,077","1,564","26,703","16,339","14,949","4,114","3,965","3,274",700,"41,841","30,383","15,383","2,630","1,371","7,400","10,995","1,761",735,"6,574","1,465","1,834","275,500","105,410","124,230","72,211","289,791","18,440","610,082","109,606","131,155","73,106","217,182","13,717","544,766","242,018","235,928","161,909","148,933","84,035","81,040","63,493","53,667","29,812","24,826","10,297","4,759","3,186",997,"9,948","1,154,848"
26/2/2015,"1,372",476,909,315,"3,072","1,167,067","10,215","1,177,282","7,361","1,259","1,221",374,"10,215",30,19,10,9,"32,161","60,625","98,245","16,448","54,945","64,001","5,947","107,872","61,989","62,815","17,132","17,478","13,779","3,107","191,715","131,188","69,915","12,001","6,614","33,058","49,715","8,118","3,280","30,255","5,955","8,709","1,167,067","9,354","17,528","24,155","4,754","12,747","15,475","1,659","26,709","16,515","15,108","4,173","4,029","3,293",713,"42,650","30,595","15,644","2,724","1,399","7,526","11,227","1,773",754,"6,648","1,472","1,872","280,496","106,176","125,086","72,453","292,142","18,657","614,514","110,349","132,274","73,640","222,380","13,910","552,553","243,045","239,293","163,516","150,382","85,162","81,865","64,209","54,354","30,404","25,200","10,421","4,798","3,262","1,028","10,128","1,167,067"
3/5/2015,"1,132",501,629,239,"2,501","1,169,842","10,913","1,180,755","7,336","1,164","2,007",406,"10,913",33,20,9,11,"32,242","61,025","98,600","16,603","55,250","64,334","6,017","107,875","61,898","62,727","17,210","17,385","13,788","3,101","192,142","131,848","70,108","12,008","6,619","33,048","49,709","8,118","3,300","30,232","5,943","8,712","1,169,842","9,397","17,680","24,301","4,801","12,842","15,583","1,681","26,751","16,520","15,116","4,213","4,026","3,313",711,"42,728","30,738","15,683","2,731","1,399","7,534","11,274","1,774",759,"6,655","1,468","1,873","281,551","106,056","125,478","72,600","292,736","18,725","615,595","110,287","132,648","73,849","223,494","13,969","554,247","243,768","239,790","163,784","150,617","85,427","81,975","64,354","54,481","30,464","25,300","10,456","4,833","3,279","1,034","10,280","1,169,842"
3/12/2015,"1,286",555,945,306,"3,092","1,173,327","10,996","1,184,323","7,532","1,104","1,988",372,"10,996",30,19,13,12,"32,328","61,382","98,948","16,751","55,404","64,560","6,078","108,008","62,047","62,844","17,377","17,426","13,839","3,096","193,081","131,909","70,500","12,023","6,632","33,038","49,801","8,122","3,306","30,181","5,939","8,707","1,173,327","9,458","17,875","24,443","4,859","12,909","15,674","1,703","26,835","16,593","15,180","4,258","4,047","3,337",714,"42,981","30,755","15,777","2,740","1,408","7,542","11,331","1,774",760,"6,642","1,466","1,869","282,930","106,272","125,709","72,756","293,403","18,774","616,914","110,517","132,918","74,052","224,904","14,022","556,413","244,426","240,606","164,270","151,031","85,727","82,107","64,517","54,687","30,600","25,402","10,490","4,858","3,307","1,034","10,265","1,173,327"
19/3/2015,"1,270",611,691,320,"2,892","1,176,579","11,393","1,187,972","7,674",966,"2,368",385,"11,393",31,19,17,13,"32,411","61,758","99,338","16,895","55,587","64,739","6,187","108,193","62,180","63,058","17,450","17,449","13,884","3,110","193,472","132,097","70,657","12,013","6,669","33,143","49,980","8,141","3,310","30,229","5,928","8,701","1,176,579","9,504","18,062","24,599","4,916","12,997","15,747","1,740","26,906","16,650","15,270","4,289","4,060","3,356",720,"43,119","30,801","15,829","2,739","1,415","7,565","11,397","1,779",764,"6,653","1,466","1,871","284,214","106,519","126,028","72,888","294,043","18,786","618,264","110,689","133,230","74,248","226,096","14,052","558,315","245,098","241,351","151,372","164,671","86,044","82,222","54,848","64,674","30,701","25,473","10,518","4,886","3,329","1,034","10,358","1,176,579"
